token_index,token_id,probability,logprob,nll,reference_probability,reference_logprob,reference_nll,nll_drift
0,791,0.9813345427317377,-0.018841855398973935,0.018841855398973935,0.9813345427317377,-0.018841855398973935,0.018841855398973935,0
1,220,0.99999415751171972,-5.8425053477327271e-06,5.8425053477327271e-06,0.99999415751171972,-5.8425053477327271e-06,5.8425053477327271e-06,0
2,1049,0.99999997486946834,-2.5130532006010263e-08,2.5130532006010263e-08,0.99999997486946834,-2.5130532006010263e-08,2.5130532006010263e-08,0
3,18,0.99999997615882574,-2.3841174527932856e-08,2.3841174527932856e-08,0.99999997615882574,-2.3841174527932856e-08,2.3841174527932856e-08,0
4,16867,0.99999976387905809,-2.3612096976658273e-07,2.3612096976658273e-07,0.99999976387905809,-2.3612096976658273e-07,2.3612096976658273e-07,0
5,13892,0.99952436228395924,-0.0004757508675400019,0.0004757508675400019,0.99952436228395924,-0.0004757508675400019,0.0004757508675400019,0
6,78149,0.99999928848702924,-7.115132238996557e-07,7.115132238996557e-07,0.99999928848702924,-7.115132238996557e-07,7.115132238996557e-07,0
7,3280,0.99999962866957937,-3.713304895808331e-07,3.713304895808331e-07,0.99999962866957937,-3.713304895808331e-07,3.713304895808331e-07,0
8,574,0.99996114074494391,-3.8860010096494771e-05,3.8860010096494771e-05,0.99996114074494391,-3.8860010096494771e-05,3.8860010096494771e-05,0
9,264,0.99989246436918233,-0.00010754141318820908,0.00010754141318820908,0.99989246436918233,-0.00010754141318820908,0.00010754141318820908,0
10,10284,0.99113866433699815,-0.0089008307907031022,0.0089008307907031022,0.99113866433699815,-0.0089008307907031022,0.0089008307907031022,0
11,3770,0.99998005508677335,-1.9945112129037259e-05,1.9945112129037259e-05,0.99998005508677335,-1.9945112129037259e-05,1.9945112129037259e-05,0
12,5578,0.91538271815891414,-0.088413029945706476,0.088413029945706476,0.91538271815891414,-0.088413029945706476,0.088413029945706476,0
13,1060,0.99996670920372088,-3.3291350429957164e-05,3.3291350429957164e-05,0.99996670920372088,-3.3291350429957164e-05,3.3291350429957164e-05,0
14,4930,0.79792354042958868,-0.22574250012079181,0.22574250012079181,0.79792354042958868,-0.22574250012079181,0.22574250012079181,0
15,4261,0.99999795355526588,-2.0464468281257476e-06,2.0464468281257476e-06,0.99999795355526588,-2.0464468281257476e-06,2.0464468281257476e-06,0
16,315,0.9999927788275661,-7.2211985067176706e-06,7.2211985067176706e-06,0.9999927788275661,-7.2211985067176706e-06,7.2211985067176706e-06,0
17,35148,0.99999839806209545,-1.6019391876137777e-06,1.6019391876137777e-06,0.99999839806209545,-1.6019391876137777e-06,1.6019391876137777e-06,0
18,44448,0.98951383478975952,-0.01054153244073526,0.01054153244073526,0.98951383478975952,-0.01054153244073526,0.01054153244073526,0
19,86945,0.99971635724951258,-0.00028368298470069197,0.00028368298470069197,0.99971635724951258,-0.00028368298470069197,0.00028368298470069197,0
20,14093,0.99999920782022222,-7.9218009149878107e-07,7.9218009149878107e-07,0.99999920782022222,-7.9218009149878107e-07,7.9218009149878107e-07,0
21,11,0.79402760650128479,-0.23063704944611949,0.23063704944611949,0.79402760650128479,-0.23063704944611949,0.23063704944611949,0
22,449,0.91521028773233748,-0.088601417453504902,0.088601417453504902,0.91521028773233748,-0.088601417453504902,0.088601417453504902,0
23,220,0.75745223732842171,-0.27779479661832535,0.27779479661832535,0.75745223732842171,-0.27779479661832535,0.27779479661832535,0
24,2148,0.99984886505049331,-0.00015114637154407115,0.00015114637154407115,0.99984886505049331,-0.00015114637154407115,0.00015114637154407115,0
25,35148,0.99997048894871632,-2.9511486743358292e-05,2.9511486743358292e-05,0.99997048894871632,-2.9511486743358292e-05,2.9511486743358292e-05,0
26,39300,0.99990466388026078,-9.5340664515946032e-05,9.5340664515946032e-05,0.99990466388026078,-9.5340664515946032e-05,9.5340664515946032e-05,0
27,919,0.99999809989658917,-1.9001052160787915e-06,1.9001052160787915e-06,0.99999809989658917,-1.9001052160787915e-06,1.9001052160787915e-06,0
28,11,0.57257265433393989,-0.55761564447225187,0.55761564447225187,0.57257265433393989,-0.55761564447225187,0.55761564447225187,0
29,220,0.92444368770578267,-0.078563141090931932,0.078563141090931932,0.92444368770578267,-0.078563141090931932,0.078563141090931932,0
30,1691,0.9999854935230631,-1.4506582156819304e-05,1.4506582156819304e-05,0.9999854935230631,-1.4506582156819304e-05,1.4506582156819304e-05,0
31,7086,0.99678614384329234,-0.0032190316843147644,0.0032190316843147644,0.99678614384329234,-0.0032190316843147644,0.0032190316843147644,0
32,44583,0.99997452184876634,-2.547847580727018e-05,2.547847580727018e-05,0.99997452184876634,-2.547847580727018e-05,2.547847580727018e-05,0
33,11,0.99990914747292958,-9.0856654411213802e-05,9.0856654411213802e-05,0.99990914747292958,-9.0856654411213802e-05,9.0856654411213802e-05,0
34,323,0.99999364519276035,-6.3548274314990013e-06,6.3548274314990013e-06,0.99999364519276035,-6.3548274314990013e-06,6.3548274314990013e-06,0
35,220,0.99999898073970028,-1.0192608192174384e-06,1.0192608192174384e-06,0.99999898073970028,-1.0192608192174384e-06,1.0192608192174384e-06,0
36,975,0.99999666588037273,-3.3341251855135821e-06,3.3341251855135821e-06,0.99999666588037273,-3.3341251855135821e-06,3.3341251855135821e-06,0
37,13892,0.99995932098762941,-4.0679839784058734e-05,4.0679839784058734e-05,0.99995932098762941,-4.0679839784058734e-05,4.0679839784058734e-05,0
38,764,0.99999607108457089,-3.9289231473090374e-06,3.9289231473090374e-06,0.99999607108457089,-3.9289231473090374e-06,3.9289231473090374e-06,0
39,29639,0.99999742766235467,-2.572340953791998e-06,2.572340953791998e-06,0.99999742766235467,-2.572340953791998e-06,2.572340953791998e-06,0
40,13,0.99529655371861181,-0.0047145422915124587,0.0047145422915124587,0.99529655371861181,-0.0047145422915124587,0.0047145422915124587,0
41,578,0.99686101927864701,-0.0031439176553382719,0.0031439176553382719,0.99686101927864701,-0.0031439176553382719,0.0031439176553382719,0
42,3280,0.99975605621471497,-0.00024397354441002965,0.00024397354441002965,0.99975605621471497,-0.00024397354441002965,0.00024397354441002965,0
43,10837,0.44124544216457323,-0.8181540001600508,0.8181540001600508,0.44124544216457323,-0.8181540001600508,0.8181540001600508,0
44,1060,0.76570907566659763,-0.26695297816250801,0.26695297816250801,0.76570907566659763,-0.26695297816250801,0.26695297816250801,0
45,21691,0.9972282777912842,-0.0027755705433716144,0.0027755705433716144,0.9972282777912842,-0.0027755705433716144,0.0027755705433716144,0
46,11,0.99996555653526087,-3.4444057928851993e-05,3.4444057928851993e-05,0.99996555653526087,-3.4444057928851993e-05,3.4444057928851993e-05,0
47,449,0.99990168762560516,-9.8317207373033839e-05,9.8317207373033839e-05,0.99990168762560516,-9.8317207373033839e-05,9.8317207373033839e-05,0
48,279,0.99129593002758387,-0.0087421716436495659,0.0087421716436495659,0.99129593002758387,-0.0087421716436495659,0.0087421716436495659,0
49,1176,0.99998558918464076,-1.4410919195994215e-05,1.4410919195994215e-05,0.99998558918464076,-1.4410919195994215e-05,1.4410919195994215e-05,0
50,13766,0.99998667453444701,-1.3325554337802769e-05,1.3325554337802769e-05,0.99998667453444701,-1.3325554337802769e-05,1.3325554337802769e-05,0
51,11,0.98958141210783179,-0.010473241318107864,0.010473241318107864,0.98958141210783179,-0.010473241318107864,0.010473241318107864,0
52,816,0.99930853173483369,-0.00069170743960783587,0.00069170743960783587,0.99930853173483369,-0.00069170743960783587,0.00069170743960783587,0
53,3852,0.99999894818287782,-1.0518176753542288e-06,1.0518176753542288e-06,0.99999894818287782,-1.0518176753542288e-06,1.0518176753542288e-06,0
54,276,0.99999991888704398,-8.1112959279196078e-08,8.1112959279196078e-08,0.99999991888704398,-8.1112959279196078e-08,8.1112959279196078e-08,0
55,11,0.99999894031597858,-1.0596845828341985e-06,1.0596845828341985e-06,0.99999894031597858,-1.0596845828341985e-06,1.0596845828341985e-06,0
56,11469,0.99259610089596062,-0.0074314440090278589,0.0074314440090278589,0.99259610089596062,-0.0074314440090278589,0.0074314440090278589,0
57,9909,0.9804085099549098,-0.019785947281283904,0.019785947281283904,0.9804085099549098,-0.019785947281283904,0.019785947281283904,0
58,315,0.99999995984808254,-4.0151918316788908e-08,4.0151918316788908e-08,0.99999995984808254,-4.0151918316788908e-08,4.0151918316788908e-08,0
59,279,0.99999967709939896,-3.2290065315275694e-07,3.2290065315275694e-07,0.99999967709939896,-3.2290065315275694e-07,3.2290065315275694e-07,0
60,30508,0.99999328112907004,-6.7188935016959979e-06,6.7188935016959979e-06,0.99999328112907004,-6.7188935016959979e-06,6.7188935016959979e-06,0
61,23028,0.99999976635257615,-2.3364745118030568e-07,2.3364745118030568e-07,0.99999976635257615,-2.3364745118030568e-07,2.3364745118030568e-07,0
62,389,0.99996417034177298,-3.583030012453687e-05,3.583030012453687e-05,0.99996417034177298,-3.583030012453687e-05,3.583030012453687e-05,0
63,6186,0.99999364981951921,-6.350200643295111e-06,6.350200643295111e-06,0.99999364981951921,-6.350200643295111e-06,6.350200643295111e-06,0
64,220,0.99999988024713848,-1.1975286866750013e-07,1.1975286866750013e-07,0.99999988024713848,-1.1975286866750013e-07,1.1975286866750013e-07,0
65,868,0.99999935844524124,-6.4155496452561987e-07,6.4155496452561987e-07,0.99999935844524124,-6.4155496452561987e-07,6.4155496452561987e-07,0
66,13,0.89749600201745949,-0.10814661320627153,0.10814661320627153,0.89749600201745949,-0.10814661320627153,0.10814661320627153,0
67,578,0.59857322054359396,-0.51320642137750061,0.51320642137750061,0.59857322054359396,-0.51320642137750061,0.51320642137750061,0
68,3280,0.84391249289377612,-0.1697064711669469,0.1697064711669469,0.84391249289377612,-0.1697064711669469,0.1697064711669469,0
69,574,0.57341486824675492,-0.55614579589563073,0.55614579589563073,0.57341486824675492,-0.55614579589563073,0.55614579589563073,0
70,13160,0.46579740230250577,-0.76400449839908779,0.76400449839908779,0.46579740230250577,-0.76400449839908779,0.76400449839908779,0
71,555,0.99999964905033256,-3.5094972897896417e-07,3.5094972897896417e-07,0.99999964905033256,-3.5094972897896417e-07,3.5094972897896417e-07,0
72,3892,0.91604877892574732,-0.087685663623505397,0.087685663623505397,0.91604877892574732,-0.087685663623505397,0.087685663623505397,0
73,5199,0.70176496435761238,-0.3541567396246309,0.3541567396246309,0.70176496435761238,-0.3541567396246309,0.3541567396246309,0
74,44583,0.88022502590235163,-0.12757769294576254,0.12757769294576254,0.88022502590235163,-0.12757769294576254,0.12757769294576254,0
75,11,0.99999022685943995,-9.7731883175561336e-06,9.7731883175561336e-06,0.99999022685943995,-9.7731883175561336e-06,9.7731883175561336e-06,0
76,2737,0.99999332896134208,-6.6710609094154332e-06,6.6710609094154332e-06,0.99999332896134208,-6.6710609094154332e-06,6.6710609094154332e-06,0
77,14221,0.85222032902807188,-0.15991018343896837,0.15991018343896837,0.85222032902807188,-0.15991018343896837,0.15991018343896837,0
78,78149,0.99972146852716404,-0.00027857026993091455,0.00027857026993091455,0.99972146852716404,-0.00027857026993091455,0.00027857026993091455,0
79,735,0.89413673433749086,-0.11189656881754341,0.11189656881754341,0.89413673433749086,-0.11189656881754341,0.11189656881754341,0
80,9832,0.99999955994742784,-4.4005266895899404e-07,4.4005266895899404e-07,0.99999955994742784,-4.4005266895899404e-07,4.4005266895899404e-07,0
81,9008,0.99999978325586036,-2.1674416310954305e-07,2.1674416310954305e-07,0.99999978325586036,-2.1674416310954305e-07,2.1674416310954305e-07,0
82,11,0.99999639638530935,-3.6036211836564602e-06,3.6036211836564602e-06,0.99999639638530935,-3.6036211836564602e-06,3.6036211836564602e-06,0
83,902,0.99766287536228471,-0.0023398599762171953,0.0023398599762171953,0.99766287536228471,-0.0023398599762171953,0.0023398599762171953,0
84,6244,0.97650343758240166,-0.023777008361920565,0.023777008361920565,0.97650343758240166,-0.023777008361920565,0.023777008361920565,0
85,832,0.99999016608071423,-9.8339676390197353e-06,9.8339676390197353e-06,0.99999016608071423,-9.8339676390197353e-06,9.8339676390197353e-06,0
86,315,0.99999859135024682,-1.4086507453289125e-06,1.4086507453289125e-06,0.99999859135024682,-1.4086507453289125e-06,1.4086507453289125e-06,0
87,279,0.99999953680626219,-4.6319384503047787e-07,4.6319384503047787e-07,0.99999953680626219,-4.6319384503047787e-07,4.6319384503047787e-07,0
88,22807,0.99999909541075049,-9.0458965859933622e-07,9.0458965859933622e-07,0.99999909541075049,-9.0458965859933622e-07,9.0458965859933622e-07,0
89,65265,0.93824562019771962,-0.063743509032557627,0.063743509032557627,0.93824562019771962,-0.063743509032557627,0.063743509032557627,0
90,16867,0.99998554043481591,-1.4459669724645247e-05,1.4459669724645247e-05,0.99998554043481591,-1.4459669724645247e-05,1.4459669724645247e-05,0
91,13892,0.96629186585366666,-0.034289351839411113,0.034289351839411113,0.96629186585366666,-0.034289351839411113,0.034289351839411113,0
92,764,0.99999886465701415,-1.1353436303134956e-06,1.1353436303134956e-06,0.99999886465701415,-1.1353436303134956e-06,1.1353436303134956e-06,0
93,29639,0.99999606244667671,-3.9375610754572671e-06,3.9375610754572671e-06,0.99999606244667671,-3.9375610754572671e-06,3.9375610754572671e-06,0
94,304,0.9912031280277197,-0.0088357928734351925,0.0088357928734351925,0.9912031280277197,-0.0088357928734351925,0.0088357928734351925,0
95,3925,0.9999962415916378,-3.7584154250462698e-06,3.7584154250462698e-06,0.9999962415916378,-3.7584154250462698e-06,3.7584154250462698e-06,0
96,323,0.80366614591740393,-0.21857133743601659,0.21857133743601659,0.80366614591740393,-0.21857133743601659,0.21857133743601659,0
97,63260,0.9576730097188132,-0.043248885248256035,0.043248885248256035,0.9576730097188132,-0.043248885248256035,0.043248885248256035,0
98,11323,0.99864049961712875,-0.0013604253419333041,0.0013604253419333041,0.99864049961712875,-0.0013604253419333041,0.0013604253419333041,0
99,266,0.99999585344621611,-4.1465623809125939e-06,4.1465623809125939e-06,0.99999585344621611,-4.1465623809125939e-06,4.1465623809125939e-06,0
100,5848,0.99998673278109962,-1.3267306910695402e-05,1.3267306910695402e-05,0.99998673278109962,-1.3267306910695402e-05,1.3267306910695402e-05,0
101,7576,0.99999859179293082,-1.4082080607305898e-06,1.4082080607305898e-06,0.99999859179293082,-1.4082080607305898e-06,1.4082080607305898e-06,0
102,369,0.99996975264054477,-3.0247816915864768e-05,3.0247816915864768e-05,0.99996975264054477,-3.0247816915864768e-05,3.0247816915864768e-05,0
103,1202,0.99999817064383978,-1.8293578334903752e-06,1.8293578334903752e-06,0.99999817064383978,-1.8293578334903752e-06,1.8293578334903752e-06,0
104,57899,0.99919152224320895,-0.00080880475118972695,0.00080880475118972695,0.99919152224320895,-0.00080880475118972695,0.00080880475118972695,0
105,4216,0.9999978964366999,-2.1035655126247303e-06,2.1035655126247303e-06,0.9999978964366999,-2.1035655126247303e-06,2.1035655126247303e-06,0
106,25949,0.99996847147774903,-3.1529019285256581e-05,3.1529019285256581e-05,0.99996847147774903,-3.1529019285256581e-05,3.1529019285256581e-05,0
107,13,0.90290001115769369,-0.10214346131108519,0.10214346131108519,0.90290001115769369,-0.10214346131108519,0.10214346131108519,0
108,14221,0.99219195366895307,-0.0078386887338877092,0.0078386887338877092,0.99219195366895307,-0.0078386887338877092,0.0078386887338877092,0
109,78149,0.99998427292994396,-1.5727193727667101e-05,1.5727193727667101e-05,0.99998427292994396,-1.5727193727667101e-05,1.5727193727667101e-05,0
110,2417,0.99934909045728693,-0.00065112147630084377,0.00065112147630084377,0.99934909045728693,-0.00065112147630084377,0.00065112147630084377,0
111,65,0.99999986282871689,-1.3717129246475835e-07,1.3717129246475835e-07,0.99999986282871689,-1.3717129246475835e-07,1.3717129246475835e-07,0
112,7835,0.99971025981047901,-0.00028978217231930855,0.00028978217231930855,0.99971025981047901,-0.00028978217231930855,0.00028978217231930855,0
113,9057,0.89938171500738495,-0.10604773506412732,0.10604773506412732,0.89938171500738495,-0.10604773506412732,0.10604773506412732,0
114,3892,0.99967476872718997,-0.00032528417197040738,0.00032528417197040738,0.99967476872718997,-0.00032528417197040738,0.00032528417197040738,0
115,16779,0.99999780503544944,-2.1949669595435498e-06,2.1949669595435498e-06,0.99999780503544944,-2.1949669595435498e-06,2.1949669595435498e-06,0
116,323,0.99999957478279733,-4.2521729312130255e-07,4.2521729312130255e-07,0.99999957478279733,-4.2521729312130255e-07,4.2521729312130255e-07,0
117,16781,0.99999416388905182,-5.8361279783695067e-06,5.8361279783695067e-06,0.99999416388905182,-5.8361279783695067e-06,5.8361279783695067e-06,0
118,5674,0.99996421959678916,-3.5781043344774156e-05,3.5781043344774156e-05,0.99996421959678916,-3.5781043344774156e-05,3.5781043344774156e-05,0
119,4028,0.99997081252634568,-2.9187899616961373e-05,2.9187899616961373e-05,0.99997081252634568,-2.9187899616961373e-05,2.9187899616961373e-05,0
120,279,0.99999958799733391,-4.1200275097471274e-07,4.1200275097471274e-07,0.99999958799733391,-4.1200275097471274e-07,4.1200275097471274e-07,0
121,26363,0.99999575119673478,-4.2488122914492914e-06,4.2488122914492914e-06,0.99999575119673478,-4.2488122914492914e-06,4.2488122914492914e-06,0
122,323,0.99999924925683581,-7.507434460429574e-07,7.507434460429574e-07,0.99999924925683581,-7.507434460429574e-07,7.507434460429574e-07,0
123,5734,0.99999509292388333,-4.9070881564063418e-06,4.9070881564063418e-06,0.99999509292388333,-4.9070881564063418e-06,4.9070881564063418e-06,0
124,11,0.92789023401995552,-0.074841835497922476,0.074841835497922476,0.92789023401995552,-0.074841835497922476,0.074841835497922476,0
125,1418,0.99869751727321709,-0.0013033316946670884,0.0013033316946670884,0.99869751727321709,-0.0013033316946670884,0.0013033316946670884,0
126,14221,0.9999519401105853,-4.8061044328170914e-05,4.8061044328170914e-05,0.9999519401105853,-4.8061044328170914e-05,4.8061044328170914e-05,0
127,78149,0.99999976058482654,-2.3941520209183883e-07,2.3941520209183883e-07,0.99999976058482654,-2.3941520209183883e-07,2.3941520209183883e-07,0
128,11583,0.99999220144005574,-7.798590353193421e-06,7.798590353193421e-06,0.99999220144005574,-7.798590353193421e-06,7.798590353193421e-06,0
129,22530,0.99997318863382267,-2.6811725608430022e-05,2.6811725608430022e-05,0.99997318863382267,-2.6811725608430022e-05,2.6811725608430022e-05,0
130,6244,0.99507068901958895,-0.0049415001062739121,0.0049415001062739121,0.99507068901958895,-0.0049415001062739121,0.0049415001062739121,0
131,832,0.99990090556917965,-9.9099340997825525e-05,9.9099340997825525e-05,0.99990090556917965,-9.9099340997825525e-05,9.9099340997825525e-05,0
132,315,0.99999942634874994,-5.7365141458969444e-07,5.7365141458969444e-07,0.99999942634874994,-5.7365141458969444e-07,5.7365141458969444e-07,0
133,279,0.9999992530653482,-7.4693493072742106e-07,7.4693493072742106e-07,0.9999992530653482,-7.4693493072742106e-07,7.4693493072742106e-07,0
134,2853,0.99997331487918639,-2.6685476867803135e-05,2.6685476867803135e-05,0.99997331487918639,-2.6685476867803135e-05,2.6685476867803135e-05,0
135,24013,0.99999750843273527,-2.4915703686875803e-06,2.4915703686875803e-06,0.99999750843273527,-2.4915703686875803e-06,2.4915703686875803e-06,0
136,13892,0.99998918287951521,-1.0817178990294073e-05,1.0817178990294073e-05,0.99998918287951521,-1.0817178990294073e-05,1.0817178990294073e-05,0
137,764,0.99999905513715281,-9.4486329353218443e-07,9.4486329353218443e-07,0.99999905513715281,-9.4486329353218443e-07,9.4486329353218443e-07,0
138,29639,0.9999987715617471,-1.2284390073818294e-06,1.2284390073818294e-06,0.9999987715617471,-1.2284390073818294e-06,1.2284390073818294e-06,0
139,304,0.99999917120949255,-8.2879085089330695e-07,8.2879085089330695e-07,0.99999917120949255,-8.2879085089330695e-07,8.2879085089330695e-07,0
140,12715,0.99999935370973692,-6.4629047190455126e-07,6.4629047190455126e-07,0.99999935370973692,-6.4629047190455126e-07,6.4629047190455126e-07,0
141,3925,0.99999342294423144,-6.5770773974958549e-06,6.5770773974958549e-06,0.99999342294423144,-6.5770773974958549e-06,6.5770773974958549e-06,0
142,1306,0.99969464875370029,-0.00030539787548397276,0.00030539787548397276,0.99969464875370029,-0.00030539787548397276,0.00030539787548397276,0
143,21933,0.99997782017500336,-2.2180070972632212e-05,2.2180070972632212e-05,0.99997782017500336,-2.2180070972632212e-05,2.2180070972632212e-05,0
144,4987,0.99999606333249558,-3.9366752530877499e-06,3.9366752530877499e-06,0.99999606333249558,-3.9366752530877499e-06,3.9366752530877499e-06,0
145,12126,0.99999832043077463,-1.6795706358518512e-06,1.6795706358518512e-06,0.99999832043077463,-1.6795706358518512e-06,1.6795706358518512e-06,0
146,13,0.60176712538451027,-0.50788474342269208,0.50788474342269208,0.60176712538451027,-0.50788474342269208,0.50788474342269208,0
147,578,0.86852282198986108,-0.1409614161679732,0.1409614161679732,0.86852282198986108,-0.1409614161679732,0.1409614161679732,0
148,3280,0.99949786296541343,-0.00050226314760640071,0.00050226314760640071,0.99949786296541343,-0.00050226314760640071,0.00050226314760640071,0
149,8036,0.9903956931242377,-0.0096507256837993112,0.0096507256837993112,0.9903956931242377,-0.0096507256837993112,0.0096507256837993112,0
150,449,0.99999385068011226,-6.1493387949339585e-06,6.1493387949339585e-06,0.99999385068011226,-6.1493387949339585e-06,6.1493387949339585e-06,0
151,279,0.99998247219799563,-1.7527955618099436e-05,1.7527955618099436e-05,0.99998247219799563,-1.7527955618099436e-05,1.7527955618099436e-05,0
152,14091,0.99999229936215162,-7.7006674983999176e-06,7.7006674983999176e-06,0.99999229936215162,-7.7006674983999176e-06,7.7006674983999176e-06,0
153,49686,0.9999972684578835,-2.7315458471865039e-06,2.7315458471865039e-06,0.9999972684578835,-2.7315458471865039e-06,2.7315458471865039e-06,0
154,315,0.9999988198728742,-1.1801278221120515e-06,1.1801278221120515e-06,0.9999988198728742,-1.1801278221120515e-06,1.1801278221120515e-06,0
155,264,0.9999978536858346,-2.1463164687061241e-06,2.1463164687061241e-06,0.9999978536858346,-2.1463164687061241e-06,2.1463164687061241e-06,0
156,35148,0.99999750723840553,-2.4927647014525162e-06,2.4927647014525162e-06,0.99999750723840553,-2.4927647014525162e-06,2.4927647014525162e-06,0
157,18710,0.99998964415938085,-1.0355894241236e-05,1.0355894241236e-05,0.99998964415938085,-1.0355894241236e-05,1.0355894241236e-05,0
158,11226,0.99999696673601368,-3.0332685867058851e-06,3.0332685867058851e-06,0.99999696673601368,-3.0332685867058851e-06,3.0332685867058851e-06,0
159,315,0.99999952363137301,-4.7636874045527836e-07,4.7636874045527836e-07,0.99999952363137301,-4.7636874045527836e-07,4.7636874045527836e-07,0
160,279,0.99999968635902747,-3.1364102170725032e-07,3.1364102170725032e-07,0.99999968635902747,-3.1364102170725032e-07,3.1364102170725032e-07,0
161,26363,0.99999212607594978,-7.873955049734947e-06,7.873955049734947e-06,0.99999212607594978,-7.873955049734947e-06,7.873955049734947e-06,0
162,389,0.99999917164858498,-8.2835175805088752e-07,8.2835175805088752e-07,0.99999917164858498,-8.2835175805088752e-07,8.2835175805088752e-07,0
163,6790,0.99998930999977509,-1.0690057363409593e-05,1.0690057363409593e-05,0.99998930999977509,-1.0690057363409593e-05,1.0690057363409593e-05,0
164,220,0.99999857676321502,-1.4232377977794215e-06,1.4232377977794215e-06,0.99999857676321502,-1.4232377977794215e-06,1.4232377977794215e-06,0
165,1544,0.99999958772050912,-4.1227957586798328e-07,4.1227957586798328e-07,0.99999958772050912,-4.1227957586798328e-07,4.1227957586798328e-07,0
166,382,0.98128729866571529,-0.018889999228860074,0.018889999228860074,0.98128729866571529,-0.018889999228860074,0.018889999228860074,0
167,791,0.93149912639953625,-0.070960026783621594,0.070960026783621594,0.93149912639953625,-0.070960026783621594,0.070960026783621594,0
168,3280,0.46767706243280988,-0.75997725878669997,0.75997725878669997,0.46767706243280988,-0.75997725878669997,0.75997725878669997,0
169,574,0.88761348152620589,-0.11921889929839034,0.11921889929839034,0.88761348152620589,-0.11921889929839034,0.11921889929839034,0
170,18057,0.36492237581451975,-1.0080706170182201,1.0080706170182201,0.36492237581451975,-1.0080706170182201,1.0080706170182201,0
171,311,0.60949830068713884,-0.49511911810876824,0.49511911810876824,0.60949830068713884,-0.49511911810876824,0.49511911810876824,0
172,387,0.97769156004679636,-0.022561036964765979,0.022561036964765979,0.97769156004679636,-0.022561036964765979,0.022561036964765979,0
173,3221,0.99755486423257389,-0.0024481299937424458,0.0024481299937424458,0.99755486423257389,-0.0024481299937424458,0.0024481299937424458,0
174,5578,0.6902879930452781,-0.37064638724510535,0.37064638724510535,0.6902879930452781,-0.37064638724510535,0.37064638724510535,0
175,11,0.49988523977929772,-0.6933767273451974,0.6933767273451974,0.49988523977929772,-0.6933767273451974,0.6933767273451974,0
176,449,0.73217135207858597,-0.3117407048759866,0.3117407048759866,0.73217135207858597,-0.3117407048759866,0.3117407048759866,0
177,279,0.72920375992170128,-0.31580207996258824,0.31580207996258824,0.72920375992170128,-0.31580207996258824,0.31580207996258824,0
178,71343,0.80371258470646634,-0.21851355542336379,0.21851355542336379,0.80371258470646634,-0.21851355542336379,0.21851355542336379,0
179,22620,0.99997878329130974,-2.121693376777663e-05,2.121693376777663e-05,0.99997878329130974,-2.121693376777663e-05,2.121693376777663e-05,0
180,32388,0.99998209660269843,-1.7903557569297452e-05,1.7903557569297452e-05,0.99998209660269843,-1.7903557569297452e-05,1.7903557569297452e-05,0
181,320,0.91613329064390991,-0.08759341109071829,0.08759341109071829,0.91613329064390991,-0.08759341109071829,0.08759341109071829,0
182,10155,0.99972254355203671,-0.0002774949461247528,0.0002774949461247528,0.99972254355203671,-0.0002774949461247528,0.0002774949461247528,0
183,49,0.99999976518449396,-2.3481553364834666e-07,2.3481553364834666e-07,0.99999976518449396,-2.3481553364834666e-07,2.3481553364834666e-07,0
184,8,0.99999897947946892,-1.0205210518493598e-06,1.0205210518493598e-06,0.99999897947946892,-1.0205210518493598e-06,1.0205210518493598e-06,0
185,73547,0.99863734820711192,-0.0013635810471049517,0.0013635810471049517,0.99863734820711192,-0.0013635810471049517,0.0013635810471049517,0
186,43221,0.5232144785960875,-0.64776380606438333,0.64776380606438333,0.5232144785960875,-0.64776380606438333,0.64776380606438333,0
187,459,0.87291624506702803,-0.13591566695802187,0.13591566695802187,0.87291624506702803,-0.13591566695802187,0.13591566695802187,0
188,11838,0.9999661785725702,-3.3821999387152854e-05,3.3821999387152854e-05,0.9999661785725702,-3.3821999387152854e-05,3.3821999387152854e-05,0
189,2134,0.99831581139079995,-0.0016856084492453457,0.0016856084492453457,0.99831581139079995,-0.0016856084492453457,0.0016856084492453457,0
190,18057,0.99999428242480415,-5.7175915412439461e-06,5.7175915412439461e-06,0.99999428242480415,-5.7175915412439461e-06,5.7175915412439461e-06,0
191,389,0.63147397226511193,-0.45969855377318886,0.45969855377318886,0.63147397226511193,-0.45969855377318886,0.45969855377318886,0
192,5587,0.99993905517852522,-6.0946678685829659e-05,6.0946678685829659e-05,0.99993905517852522,-6.0946678685829659e-05,6.0946678685829659e-05,0
193,220,0.99999982908861684,-1.7091139775068025e-07,1.7091139775068025e-07,0.99999982908861684,-1.7091139775068025e-07,1.7091139775068025e-07,0
194,20,0.99999836328565916,-1.6367156802730839e-06,1.6367156802730839e-06,0.99999836328565916,-1.6367156802730839e-06,1.6367156802730839e-06,0
195,11,0.99997420303633433,-2.5797296413100716e-05,2.5797296413100716e-05,0.99997420303633433,-2.5797296413100716e-05,2.5797296413100716e-05,0
196,220,0.99997290048779197,-2.7099879406406619e-05,2.7099879406406619e-05,0.99997290048779197,-2.7099879406406619e-05,2.7099879406406619e-05,0
197,1049,0.99999998231899856,-1.7681001617486037e-08,1.7681001617486037e-08,0.99999998231899856,-1.7681001617486037e-08,1.7681001617486037e-08,0
198,18,0.99999966414500041,-3.3585505598844616e-07,3.3585505598844616e-07,0.99999966414500041,-3.3585505598844616e-07,3.3585505598844616e-07,0
199,11,0.99997915316576991,-2.0847051528382508e-05,2.0847051528382508e-05,0.99997915316576991,-2.0847051528382508e-05,2.0847051528382508e-05,0
200,52997,0.44356768169805788,-0.81290488076306633,0.81290488076306633,0.44356768169805788,-0.81290488076306633,0.81290488076306633,0
201,220,0.99120094952034188,-0.0088379907173586434,0.0088379907173586434,0.99120094952034188,-0.0088379907173586434,0.0088379907173586434,0
202,1627,0.9999165658973469,-8.3437583471453181e-05,8.3437583471453181e-05,0.9999165658973469,-8.3437583471453181e-05,8.3437583471453181e-05,0
203,12,0.97439377408127692,-0.025939771536575642,0.025939771536575642,0.97439377408127692,-0.025939771536575642,0.025939771536575642,0
204,843,0.65147538729092747,-0.42851566165591748,0.42851566165591748,0.65147538729092747,-0.42851566165591748,0.42851566165591748,0
205,35148,0.99950304417742253,-0.00049707934604779165,0.00049707934604779165,0.99950304417742253,-0.00049707934604779165,0.00049707934604779165,0
206,44583,0.99988117640612661,-0.00011883065395592202,0.00011883065395592202,0.99988117640612661,-0.00011883065395592202,0.00011883065395592202,0
207,13,0.97991881834297312,-0.020285549174348945,0.020285549174348945,0.97991881834297312,-0.020285549174348945,0.020285549174348945,0
208,4452,0.57461880148133315,-0.55404841198143395,0.55404841198143395,0.57461880148133315,-0.55404841198143395,0.55404841198143395,0
209,11,0.99999979923364479,-2.0076637535479708e-07,2.0076637535479708e-07,0.99999979923364479,-2.0076637535479708e-07,2.0076637535479708e-07,0
210,65649,0.85136801226073311,-0.16091079704707453,0.16091079704707453,0.85136801226073311,-0.16091079704707453,0.16091079704707453,0
211,304,0.99999980300761782,-1.969924016390926e-07,1.969924016390926e-07,0.99999980300761782,-1.969924016390926e-07,1.969924016390926e-07,0
212,9581,0.99999658939021296,-3.4106156031303774e-06,3.4106156031303774e-06,0.99999658939021296,-3.4106156031303774e-06,3.4106156031303774e-06,0
213,7479,0.99999911612896863,-8.838714220147063e-07,8.838714220147063e-07,0.99999911612896863,-8.838714220147063e-07,8.838714220147063e-07,0
214,20472,0.99999374058366797,-6.259435922270651e-06,6.259435922270651e-06,0.99999374058366797,-6.259435922270651e-06,6.259435922270651e-06,0
215,9057,0.83528992746736241,-0.17997639587389594,0.17997639587389594,0.83528992746736241,-0.17997639587389594,0.17997639587389594,0
216,279,0.9972445880608487,-0.0027592150743710915,0.0027592150743710915,0.9972445880608487,-0.0027592150743710915,0.0027592150743710915,0
217,1912,0.96092437781055584,-0.039859564252217726,0.039859564252217726,0.96092437781055584,-0.039859564252217726,0.039859564252217726,0
218,311,0.9999984277387397,-1.572262496313675e-06,1.572262496313675e-06,0.9999984277387397,-1.572262496313675e-06,1.572262496313675e-06,0
219,65836,0.99985920737021139,-0.00014080254200134654,0.00014080254200134654,0.99985920737021139,-0.00014080254200134654,0.00014080254200134654,0
220,872,0.9999406116895283,-5.9390074027217908e-05,5.9390074027217908e-05,0.9999406116895283,-5.9390074027217908e-05,5.9390074027217908e-05,0
221,20492,0.9998770953015198,-0.00012291225188152237,0.00012291225188152237,0.9998770953015198,-0.00012291225188152237,0.00012291225188152237,0
222,45578,0.99977868250590562,-0.00022134198842502776,0.00022134198842502776,0.99977868250590562,-0.00022134198842502776,0.00022134198842502776,0
223,11,0.99755933068761893,-0.0024436526008629524,0.0024436526008629524,0.99755933068761893,-0.0024436526008629524,0.0024436526008629524,0
224,19392,0.86846872137515063,-0.14102370848590026,0.14102370848590026,0.86846872137515063,-0.14102370848590026,0.14102370848590026,0
225,264,0.99754457347156533,-0.0024584460319449801,0.0024584460319449801,0.99754457347156533,-0.0024584460319449801,0.0024584460319449801,0
226,10284,0.99799820448445609,-0.0020038017860629673,0.0020038017860629673,0.99799820448445609,-0.0020038017860629673,0.0020038017860629673,0
227,3770,0.99998652222132867,-1.3477869497357384e-05,1.3477869497357384e-05,0.99998652222132867,-1.3477869497357384e-05,1.3477869497357384e-05,0
228,5578,0.97833603056815299,-0.021902078422699058,0.021902078422699058,0.97833603056815299,-0.021902078422699058,0.021902078422699058,0
229,3280,0.68779149012150287,-0.37426955366664394,0.37426955366664394,0.68779149012150287,-0.37426955366664394,0.37426955366664394,0
230,13,0.84249532692707896,-0.17138716344509339,0.17138716344509339,0.84249532692707896,-0.17138716344509339,0.17138716344509339,0
231,578,0.9116968371927171,-0.092447759528900872,0.092447759528900872,0.9116968371927171,-0.092447759528900872,0.092447759528900872,0
232,4409,0.87718088904533986,-0.13104204898975116,0.13104204898975116,0.87718088904533986,-0.13104204898975116,0.13104204898975116,0
233,3907,0.99999861955519109,-1.3804457616783102e-06,1.3804457616783102e-06,0.99999861955519109,-1.3804457616783102e-06,1.3804457616783102e-06,0
234,315,0.99999981161184537,-1.8838817241370854e-07,1.8838817241370854e-07,0.99999981161184537,-1.8838817241370854e-07,1.8838817241370854e-07,0
235,19730,0.99998216764746273,-1.7832511535610008e-05,1.7832511535610008e-05,0.99998216764746273,-1.7832511535610008e-05,1.7832511535610008e-05,0
236,18711,0.99999894789505284,-1.0521055005926263e-06,1.0521055005926263e-06,0.99999894789505284,-1.0521055005926263e-06,1.0521055005926263e-06,0
237,1101,0.5223363923773523,-0.64944346881357229,0.64944346881357229,0.5223363923773523,-0.64944346881357229,0.64944346881357229,0
238,11136,0.9999247371355634,-7.5265696828059561e-05,7.5265696828059561e-05,0.9999247371355634,-7.5265696828059561e-05,7.5265696828059561e-05,0
239,264,0.96914099478094007,-0.031345172226375499,0.031345172226375499,0.96914099478094007,-0.031345172226375499,0.031345172226375499,0
240,36899,0.99999171491335359,-8.2851209679017547e-06,8.2851209679017547e-06,0.99999171491335359,-8.2851209679017547e-06,8.2851209679017547e-06,0
241,22343,0.99998667750484149,-1.3322583903736465e-05,1.3322583903736465e-05,0.99998667750484149,-1.3322583903736465e-05,1.3322583903736465e-05,0
242,389,0.91694407308257841,-0.086708797590398998,0.086708797590398998,0.91694407308257841,-0.086708797590398998,0.086708797590398998,0
243,5936,0.99998767201612915,-1.2328059861104456e-05,1.2328059861104456e-05,0.99998767201612915,-1.2328059861104456e-05,1.2328059861104456e-05,0
244,220,0.9999997475556035,-2.5244442836066814e-07,2.5244442836066814e-07,0.9999997475556035,-2.5244442836066814e-07,2.5244442836066814e-07,0
245,1187,0.99999953940222264,-4.6059788345146843e-07,4.6059788345146843e-07,0.99999953940222264,-4.6059788345146843e-07,4.6059788345146843e-07,0
246,11,0.99999994645986368,-5.3540137777721448e-08,5.3540137777721448e-08,0.99999994645986368,-5.3540137777721448e-08,5.3540137777721448e-08,0
247,220,0.99998760901188355,-1.2391064885404438e-05,1.2391064885404438e-05,0.99998760901188355,-1.2391064885404438e-05,1.2391064885404438e-05,0
248,1049,0.99999999281384455,-7.186155422659366e-09,7.186155422659366e-09,0.99999999281384455,-7.186155422659366e-09,7.186155422659366e-09,0
249,18,0.99999996831011628,-3.1689884214232755e-08,3.1689884214232755e-08,0.99999996831011628,-3.1689884214232755e-08,3.1689884214232755e-08,0
250,11,0.99999982203763194,-1.7796238387027196e-07,1.7796238387027196e-07,0.99999982203763194,-1.7796238387027196e-07,1.7796238387027196e-07,0
251,19392,0.79981020562297911,-0.22338082243205137,0.22338082243205137,0.79981020562297911,-0.22338082243205137,0.22338082243205137,0
252,279,0.64929783090625492,-0.43186376013821537,0.43186376013821537,0.64929783090625492,-0.43186376013821537,0.43186376013821537,0
253,29736,0.99999786040233962,-2.1395999493257612e-06,2.1395999493257612e-06,0.99999786040233962,-2.1395999493257612e-06,2.1395999493257612e-06,0
254,315,0.99999988488624891,-1.1511375767292453e-07,1.1511375767292453e-07,0.99999988488624891,-1.1511375767292453e-07,1.1511375767292453e-07,0
255,264,0.99999879772625033,-1.2022744724456611e-06,1.2022744724456611e-06,0.99999879772625033,-1.2022744724456611e-06,1.2022744724456611e-06,0
256,4725,0.99998261113251818,-1.7389018669965692e-05,1.7389018669965692e-05,0.99998261113251818,-1.7389018669965692e-05,1.7389018669965692e-05,0
257,477,0.99999976981931071,-2.3018071575287384e-07,2.3018071575287384e-07,0.9999997586725663,-2.4132746287043214e-07,2.4132746287043214e-07,-1.1146747117558296e-08
258,3770,0.99999048013068481,-9.5199146293844519e-06,9.5199146293844519e-06,0.99998995150773951,-1.0048542746949871e-05,1.0048542746949871e-05,-5.2862811756541878e-07
259,4725,0.98596759854659211,-0.014131786434065494,0.014131786434065494,0.98493697424297411,-0.015177625397337986,0.015177625397337986,-0.0010458389632724916
260,3280,0.99999675771300289,-3.2422922533517245e-06,3.2422922533517245e-06,0.99999652733110156,-3.4726749281629805e-06,3.4726749281629805e-06,-2.3038267481125596e-07
261,449,0.96329702457826216,-0.03739347800329184,0.03739347800329184,0.96432380235642368,-0.036328146210934657,0.036328146210934657,0.0010653317923571826
262,220,0.99999879588792517,-1.2041127997224308e-06,1.2041127997224308e-06,0.99999885742393524,-1.1425767175312089e-06,1.1425767175312089e-06,6.1536082191221905e-08
263,1682,0.99998311228695336,-1.6887855645647505e-05,1.6887855645647505e-05,0.99998426480185376,-1.5735321945795284e-05,1.5735321945795284e-05,1.152533699852221e-06
264,2860,0.99991004540327377,-8.9958642883579117e-05,8.9958642883579117e-05,0.99991131564469748,-8.868828799241811e-05,8.868828799241811e-05,1.2703548911610071e-06
265,35148,0.99999849984259259,-1.5001585325917505e-06,1.5001585325917505e-06,0.99999841368929454,-1.5863119636972456e-06,1.5863119636972456e-06,-8.6153431105495061e-08
266,32343,0.99994999943518914,-5.0001814880783962e-05,5.0001814880783962e-05,0.99994719248722241,-5.28089071433545e-05,5.28089071433545e-05,-2.8070922625705375e-06
267,3233,0.99999909795462283,-9.0204578401034636e-07,9.0204578401034636e-07,0.99999901860863172,-9.8139184983545995e-07,9.8139184983545995e-07,-7.9346065825113586e-08
268,11,0.79103429371161871,-0.23441395727233358,0.23441395727233358,0.8131382292711431,-0.20685416018297526,0.20685416018297526,0.027559797089358323
269,220,0.99999621933205396,-3.7806750927348179e-06,3.7806750927348179e-06,0.99999651076935148,-3.4892367359465974e-06,3.4892367359465974e-06,2.9143835678822058e-07
270,1627,0.99999975824310239,-2.4175692678660057e-07,2.4175692678660057e-07,0.9999997240855365,-2.7591450159583957e-07,2.7591450159583957e-07,-3.4157574809238996e-08
271,35148,0.99999786160868898,-2.1383935973343549e-06,2.1383935973343549e-06,0.99999775493488297,-2.2450676371699814e-06,2.2450676371699814e-06,-1.0667403983562651e-07
272,44583,0.99991207405831062,-8.7929807401543523e-05,8.7929807401543523e-05,0.99991379861327923,-8.6205102273844293e-05,8.6205102273844293e-05,1.7247051276992302e-06
273,11,0.99999927465715677,-7.2534310630631798e-07,7.2534310630631798e-07,0.99999922017744802,-7.7982285598451098e-07,7.7982285598451098e-07,-5.4479749678193008e-08
274,323,0.9999999953527352,-4.6472647844115136e-09,4.6472647844115136e-09,0.99999999390736094,-6.092639041369058e-09,6.092639041369058e-09,-1.4453742569575444e-09
275,220,0.99999975858619383,-2.4141383531432035e-07,2.4141383531432035e-07,0.999999758468049,-2.4153198011304629e-07,2.4153198011304629e-07,-1.1814479872593801e-10
276,845,0.99999938865015614,-6.1135003068640065e-07,6.1135003068640065e-07,0.9999992813342149,-7.1866604333962586e-07,7.1866604333962586e-07,-1.0731601265322521e-07
277,13892,0.99999393762621902,-6.0623921572440065e-06,6.0623921572440065e-06,0.99999375834981241,-6.2416696667198024e-06,6.2416696667198024e-06,-1.7927750947579595e-07
278,764,0.99999944033208077,-5.596680758107191e-07,5.596680758107191e-07,0.99999941777122603,-5.8222894342674607e-07,5.8222894342674607e-07,-2.2560867616026979e-08
279,29639,0.99999850094968046,-1.4990514431664758e-06,1.4990514431664758e-06,0.99999901327789309,-9.867225937651144e-07,9.867225937651144e-07,5.1232884940136136e-07
280,382,0.95904525367524007,-0.041817016812411664,0.041817016812411664,0.95289564130719739,-0.048249886772995361,0.048249886772995361,-0.0064328699605836967
281,791,0.85921609408421984,-0.15173482392692147,0.15173482392692147,0.85656231966447638,-0.15482820301904759,0.15482820301904759,-0.0030933790921261195
282,6457,0.97384906055476594,-0.026498955978084493,0.026498955978084493,0.9628274396632005,-0.037881073621418425,0.037881073621418425,-0.011382117643333932
283,40732,0.99999458623428494,-5.413780369520866e-06,5.413780369520866e-06,0.99999454675392785,-5.453260941197648e-06,5.453260941197648e-06,-3.9480571676782012e-08
284,5848,0.99999920977149481,-7.9022881745708397e-07,7.9022881745708397e-07,0.99999915557305175,-8.4442730482178497e-07,8.4442730482178497e-07,-5.4198487364701007e-08
285,16784,0.99999308607376458,-6.9139501367723947e-06,6.9139501367723947e-06,0.9999927539515141,-7.246074738590761e-06,7.246074738590761e-06,-3.3212460181836633e-07
286,320,0.99999935747916413,-6.4252104223380701e-07,6.4252104223380701e-07,0.99999910226163824,-8.9773876470365336e-07,8.9773876470365336e-07,-2.5521772246984634e-07
287,41,0.99999774730548441,-2.2526970528755584e-06,2.2526970528755584e-06,0.99999719772422668,-2.8022796996460926e-06,2.8022796996460926e-06,-5.4958264677053416e-07
288,4940,0.99999943175717854,-5.6824298286650812e-07,5.6824298286650812e-07,0.99999936283336732,-6.3716683569538354e-07,6.3716683569538354e-07,-6.8923852828875428e-08
289,8,0.99999670616046077,-3.29384496395042e-06,3.29384496395042e-06,0.99999617322092549,-3.826786396641058e-06,3.826786396641058e-06,-5.3294143269063801e-07
290,11136,0.98956357891681312,-0.010491262424292642,0.010491262424292642,0.98914944691444517,-0.010909849660550206,0.010909849660550206,-0.00041858723625756364
291,9819,0.99939296178836912,-0.00060722253392364513,0.00060722253392364513,0.99935777463764475,-0.0006424316774018068,0.0006424316774018068,-3.5209143478161665e-05
292,2490,0.99999930813696203,-6.9186327736224537e-07,6.9186327736224537e-07,0.99999930169082019,-6.9830942360593067e-07,6.9830942360593067e-07,-6.4461462436852947e-09
293,389,0.99995943780862184,-4.056301404605151e-05,4.056301404605151e-05,0.99995826739237437,-4.1733478455148569e-05,4.1733478455148569e-05,-1.170464409097059e-06
294,35148,0.9999974119668027,-2.5880365463098657e-06,2.5880365463098657e-06,0.99999736820799401,-2.6317954691631567e-06,2.6317954691631567e-06,-4.3758922853291009e-08
295,32343,0.99997192091225195,-2.8079481973000817e-05,2.8079481973000817e-05,0.99996927016926263,-3.0730302908265642e-05,3.0730302908265642e-05,-2.6508209352648252e-06
296,3233,0.9999991179863178,-8.8201407116061353e-07,8.8201407116061353e-07,0.99999912325297502,-8.7674740935571766e-07,8.7674740935571766e-07,5.2666618048958685e-09
297,9909,0.99997910138915547,-2.0898829223552029e-05,2.0898829223552029e-05,0.99997976194286831,-2.0238261923942609e-05,2.0238261923942609e-05,6.6056729960941918e-07
298,315,0.9999999427997498,-5.7200251786772304e-08,5.7200251786772304e-08,0.99999991829788337,-8.1702119951444165e-08,8.1702119951444165e-08,-2.4501868164671861e-08
299,279,0.99999987403551371,-1.2596449422876292e-07,1.2596449422876292e-07,0.99999987259485423,-1.2740515385992057e-07,1.2740515385992057e-07,-1.4406596311576538e-09
300,7327,0.99999199159334662,-8.0084387208920927e-06,8.0084387208920927e-06,0.99999109485604243,-8.9051836086487998e-06,8.9051836086487998e-06,-8.9674488775670717e-07
301,2696,0.9999960939940773,-3.9060135511307218e-06,3.9060135511307218e-06,0.99999572572431983,-4.2742848149003631e-06,4.2742848149003631e-06,-3.6827126376964122e-07
302,7228,0.99999956323420336,-4.3676589199494955e-07,4.3676589199494955e-07,0.9999994506400669,-5.4936008396001965e-07,5.4936008396001965e-07,-1.125941919650701e-07
303,311,0.99819588801538306,-0.0018057413546490734,0.0018057413546490734,0.9984481344443108,-0.0015530709462714817,0.0015530709462714817,0.0002526704083775917
304,279,0.99999972109484403,-2.7890519490297575e-07,2.7890519490297575e-07,0.99999972427751926,-2.7572251877474934e-07,2.7572251877474934e-07,3.1826761282264139e-09
305,80240,0.99999943638384858,-5.6361631021975091e-07,5.6361631021975091e-07,0.99999932874358211,-6.7125664324129596e-07,6.7125664324129596e-07,-1.0764033302154504e-07
306,50714,0.99999156680240431,-8.4332331553249236e-06,8.4332331553249236e-06,0.99998755306481479,-1.2447012648893375e-05,1.2447012648893375e-05,-4.0137794935684511e-06
307,11,0.76830786688798147,-0.26356475781698746,0.26356475781698746,0.78513355495025183,-0.24190144197623598,0.24190144197623598,0.021663315840751485
308,323,0.99998331200257984,-1.6688136666329014e-05,1.6688136666329014e-05,0.99998632118567521,-1.3678907880651923e-05,1.3678907880651923e-05,3.0092287856770907e-06
309,10411,0.99998122948296986,-1.8770693198514159e-05,1.8770693198514159e-05,0.99998382723802248,-1.6172892758020857e-05,1.6172892758020857e-05,2.5978004404933017e-06
310,315,0.99999985800868285,-1.4199132727382769e-07,1.4199132727382769e-07,0.99999981411826167,-1.8588175558681355e-07,1.8588175558681355e-07,-4.3890428312985869e-08
311,279,0.99999969835618696,-3.0164385858254025e-07,3.0164385858254025e-07,0.9999996962720773,-3.0372796883558029e-07,3.0372796883558029e-07,-2.0841102530400379e-09
312,3312,0.99999957352234059,-4.2647775032272345e-07,4.2647775032272345e-07,0.99999940768712059,-5.9231305482359179e-07,5.9231305482359179e-07,-1.6583530450086834e-07
313,859,0.99999992540293503,-7.4597067738348635e-08,7.4597067738348635e-08,0.99999993340260396,-6.6597398265596946e-08,6.6597398265596946e-08,7.999669472751689e-09
314,11,0.88727332575881868,-0.11960219785033814,0.11960219785033814,0.88666047022492711,-0.12029315436704879,0.12029315436704879,-0.00069095651671065295
315,323,0.68644071841366017,-0.37623541086962398,0.37623541086962398,0.67349632941639259,-0.39527273315934985,0.39527273315934985,-0.019037322289725878
316,279,0.45087847915588297,-0.79655742333490265,0.79655742333490265,0.48406247735568103,-0.72554129515069254,0.72554129515069254,0.071016128184210103
317,30833,0.65886796296092887,-0.41723212424941541,0.41723212424941541,0.65486205243565154,-0.42333067249611805,0.42333067249611805,-0.0060985482467026397
318,14221,0.99994288706399925,-5.7114567006534832e-05,5.7114567006534832e-05,0.99992833275502713,-7.1669813192629697e-05,7.1669813192629697e-05,-1.4555246186094865e-05
319,78149,0.99999606622425474,-3.9337834825425233e-06,3.9337834825425233e-06,0.99999598354796482,-4.0164601011806039e-06,4.0164601011806039e-06,-8.2676618638080676e-08
320,27956,0.99992216209959872,-7.7840929927837615e-05,7.7840929927837615e-05,0.9999164039586963,-8.359953564750336e-05,8.359953564750336e-05,-5.7586057196657445e-06
321,5955,0.99999649929945911,-3.5007066683867606e-06,3.5007066683867606e-06,0.99999641102940151,-3.5889770389110168e-06,3.5889770389110168e-06,-8.8270370524256168e-08
322,320,0.99999877193606279,-1.2280646912638504e-06,1.2280646912638504e-06,0.99999858383571483,-1.4161652879172199e-06,1.4161652879172199e-06,-1.8810059665336944e-07
323,82281,0.99998185683682472,-1.814332776446014e-05,1.814332776446014e-05,0.99998094399326976,-1.9056188298232406e-05,1.9056188298232406e-05,-9.1286053377226541e-07
324,26538,0.99998230379400876,-1.7696362570962485e-05,1.7696362570962485e-05,0.99998157423836298,-1.8425931393474994e-05,1.8425931393474994e-05,-7.2956882251250867e-07
325,8,0.99999892199747331,-1.0780031077136516e-06,1.0780031077136516e-06,0.99999880278381248,-1.1972169041541476e-06,1.1972169041541476e-06,-1.1921379644049602e-07
326,11136,0.79075706836782034,-0.23476447802150802,0.23476447802150802,0.80650213627661627,-0.21504873259630697,0.21504873259630697,0.019715745425201048
327,19530,0.99999548386863479,-4.5161415629979137e-06,4.5161415629979137e-06,0.99999504770039838,-4.9523118642888813e-06,4.9523118642888813e-06,-4.3617030129096757e-07
328,389,0.99999994479652721,-5.5203474266865459e-08,5.5203474266865459e-08,0.99999992830478046,-7.1695222075904256e-08,7.1695222075904256e-08,-1.6491747809038796e-08
329,44583,0.99996650088164185,-3.3499679466153391e-05,3.3499679466153391e-05,0.9999676019110384,-3.2398613790977683e-05,3.2398613790977683e-05,1.1010656751757081e-06
330,2949,0.99999929561862866,-7.0438161942331235e-07,7.0438161942331235e-07,0.99999918907328145,-8.1092704733665505e-07,8.1092704733665505e-07,-1.065454279133427e-07
331,279,0.99999971763079931,-2.8236924053595274e-07,2.8236924053595274e-07,0.99999966341848556,-3.365815710365492e-07,3.365815710365492e-07,-5.4212330500596461e-08
332,58309,0.99999151077513571,-8.4892608979911312e-06,8.4892608979911312e-06,0.99999051906854597,-9.4809763983065223e-06,9.4809763983065223e-06,-9.917155003153911e-07
333,13,0.98130073362187265,-0.018876308167937967,0.018876308167937967,0.97855221215339794,-0.021681134189497756,0.021681134189497756,-0.0028048260215597885
334,578,0.99693961433725986,-0.0030650782194102605,0.0030650782194102605,0.99686267861794275,-0.0031422530923925994,0.0031422530923925994,-7.7174872982338927e-05
335,3280,0.424616349438243,-0.85656922494736809,0.85656922494736809,0.47623141470376168,-0.74185137754676189,0.74185137754676189,0.1147178474006062
336,574,0.60523389259547955,-0.50214029633019119,0.50214029633019119,0.61629623388042143,-0.48402753188703018,0.48402753188703018,0.018112764443161011
337,13160,0.63377884225754455,-0.45605521464676047,0.45605521464676047,0.64725459327508017,-0.43501556377454265,0.43501556377454265,0.021039650872217819
338,555,0.99999995981423495,-4.0185765906825639e-08,4.0185765906825639e-08,0.99999995338518644,-4.6614814698691529e-08,4.6614814698691529e-08,-6.4290487918658895e-09
339,3485,0.62492139341171038,-0.47012940769677664,0.47012940769677664,0.57940384510800014,-0.54575555730715375,0.54575555730715375,-0.075626149610377114
340,53183,0.97076351761332391,-0.029672385550160572,0.029672385550160572,0.96806039037140035,-0.032460806904217814,0.032460806904217814,-0.0027884213540572411
341,9581,0.99999758134687589,-2.4186560490396174e-06,2.4186560490396174e-06,0.99999715576275117,-2.8442412937265243e-06,2.8442412937265243e-06,-4.2558524468690692e-07
342,7479,0.99999862398279715,-1.3760181495085729e-06,1.3760181495085729e-06,0.99999851252156036,-1.4874795459086923e-06,1.4874795459086923e-06,-1.1146139640011936e-07
343,20472,0.99999828702108462,-1.7129803825479686e-06,1.7129803825479686e-06,0.99999798897242675,-2.0110295953334894e-06,2.0110295953334894e-06,-2.9804921278552073e-07
344,304,0.87105877904541318,-0.1380458198539011,0.1380458198539011,0.88554140090685762,-0.12155606858132315,0.12155606858132315,0.016489751272577957
345,279,0.99999957300737385,-4.2699271728297862e-07,4.2699271728297862e-07,0.99999945236909238,-5.4763105754265659e-07,5.4763105754265659e-07,-1.2063834025967797e-07
346,19001,0.99992977985502418,-7.0222610525581431e-05,7.0222610525581431e-05,0.99993437320505185,-6.5628948480447478e-05,6.5628948480447478e-05,4.5936620451339532e-06
347,3312,0.99999954675854807,-4.5324155460266974e-07,4.5324155460266974e-07,0.99999899355369637,-1.0064468101305083e-06,1.0064468101305083e-06,-5.5320525552783849e-07
348,39036,0.99999868617624155,-1.313824621559938e-06,1.313824621559938e-06,0.99999800806123396,-1.9919407499546407e-06,1.9919407499546407e-06,-6.7811612839470271e-07
349,16867,0.99999814232840578,-1.8576733196487573e-06,1.8576733196487573e-06,0.9999979773106854,-2.0226913602371351e-06,2.0226913602371351e-06,-1.6501804058837779e-07
350,11,0.86860603682608362,-0.14086560884099933,0.14086560884099933,0.87182966150441021,-0.137161216466408,0.137161216466408,0.003704392374591331
351,2737,0.83551988644572439,-0.17970112937988914,0.17970112937988914,0.64389488621422275,-0.44021978636389453,0.44021978636389453,-0.26051865698400539
352,1884,0.99225833772017602,-0.0077717845120628291,0.0077717845120628291,0.99205724445895627,-0.0079744672543788329,0.0079744672543788329,-0.00020268274231600384
353,304,0.99999998149619451,-1.850380564971763e-08,1.850380564971763e-08,0.99999997052734635,-2.9472654104801283e-08,2.9472654104801283e-08,-1.0968848455083653e-08
354,279,0.99999996607613384,-3.392386669544313e-08,3.392386669544313e-08,0.9999999563303249,-4.3669676032137842e-08,4.3669676032137842e-08,-9.7458093366947118e-09
355,4987,0.99999899931661873,-1.0006838820061259e-06,1.0006838820061259e-06,0.99999879795852531,-1.2020421971927514e-06,1.2020421971927514e-06,-2.0135831518662547e-07
356,5734,0.99999587696798797,-4.1230405117963798e-06,4.1230405117963798e-06,0.99999471837524045,-5.2816387073530106e-06,5.2816387073530106e-06,-1.1585981955566308e-06
357,15379,0.99999617604662683,-3.8239606844615527e-06,3.8239606844615527e-06,0.99999572839088846,-4.2716182349024126e-06,4.2716182349024126e-06,-4.4765755044085982e-07
358,11,0.9933091630688019,-0.0067133209279081514,0.0067133209279081514,0.99320685178674861,-0.0068163266740270722,0.0068163266740270722,-0.00010300574611892075
359,323,0.99733228976322585,-0.0026712749168282504,0.0026712749168282504,0.99754367999899429,-0.0024593417041735184,0.0024593417041735184,0.00021193321265473202
360,5789,0.75825216898337688,-0.27673927190533615,0.27673927190533615,0.7487944672994602,-0.28929074260211446,0.28929074260211446,-0.012551470696778311
361,315,0.99999992304434226,-7.6955660658228895e-08,7.6955660658228895e-08,0.99999988065168344,-1.1934832365174937e-07,1.1934832365174937e-07,-4.2392662993520472e-08
362,390,0.99997841405462529,-2.1586178354535134e-05,2.1586178354535134e-05,0.99997624900762883,-2.375127443050421e-05,2.375127443050421e-05,-2.1650960759690769e-06
363,80298,0.99999962096465844,-3.7903541338673764e-07,3.7903541338673764e-07,0.99999958283160906,-4.1716847801082355e-07,4.1716847801082355e-07,-3.8133064624085917e-08
364,54095,0.99974957287208255,-0.00025045849002667284,0.00025045849002667284,0.99973377436916411,-0.00026626107517008159,0.00026626107517008159,-1.5802585143408752e-05
365,1060,0.99986192442642452,-0.00013808510688507409,0.00013808510688507409,0.9998450223219254,-0.00015498968835584904,0.00015498968835584904,-1.6904581470774944e-05
366,21691,0.99987263033195461,-0.00012737778025040156,0.00012737778025040156,0.9998255452866196,-0.00017446993237395526,0.00017446993237395526,-4.7092152123553706e-05
367,304,0.9999955169906829,-4.4830193658351185e-06,4.4830193658351185e-06,0.99999475310997754,-5.2469037874134732e-06,5.2469037874134732e-06,-7.6388442157835466e-07
368,279,0.99998351741962554,-1.6482716213642615e-05,1.6482716213642615e-05,0.99997865089050919,-2.1349337386264083e-05,2.1349337386264083e-05,-4.8666211726214683e-06
369,4827,0.99999098444270307,-9.0155979372886588e-06,9.0155979372886588e-06,0.99998961119396357,-1.0388860000483136e-05,1.0388860000483136e-05,-1.3732620631944773e-06
370,6987,0.99999122974380317,-8.7702946557137001e-06,8.7702946557137001e-06,0.99998996768347226,-1.0032366851759519e-05,1.0032366851759519e-05,-1.2620721960458191e-06
371,21237,0.99999896364861018,-1.0363519268328585e-06,1.0363519268328585e-06,0.99999900587385371,-9.9412664046850219e-07,9.9412664046850219e-07,4.2225286364356332e-08
372,11,0.96276020253949279,-0.037950909054780636,0.037950909054780636,0.96000061341872478,-0.040821355542620938,0.040821355542620938,-0.0028704464878403016
373,8104,0.999691022836942,-0.00030902490633625054,0.00030902490633625054,0.99961846780081887,-0.00038160500110871005,0.00038160500110871005,-7.2580094772459506e-05
374,2212,0.99999885223194585,-1.1477687128588317e-06,1.1477687128588317e-06,0.99999866885567079,-1.3311452151503179e-06,1.3311452151503179e-06,-1.8337650229148617e-07
375,279,0.9999998243564594,-1.7564355603971477e-07,1.7564355603971477e-07,0.99999978869773742,-2.1130228488267701e-07,2.1130228488267701e-07,-3.5658728842962247e-08
376,26363,0.99998769087773809,-1.2309198019777174e-05,1.2309198019777174e-05,0.99998485455654984,-1.5145558143567968e-05,1.5145558143567968e-05,-2.8363601237907933e-06
377,13,0.71064610784640025,-0.34158071170453647,0.34158071170453647,0.72544142524896926,-0.32097494699660606,0.32097494699660606,0.020605764707930407
378,87597,0.90100261702034146,-0.10424711680494138,0.10424711680494138,0.92727488459870899,-0.075505225982832033,0.075505225982832033,0.028741890822109345
379,82258,0.99998642872570809,-1.3571366382506153e-05,1.3571366382506153e-05,0.99998507036118967,-1.4929750258537048e-05,1.4929750258537048e-05,-1.3583838760308955e-06
380,574,0.99999466256692138,-5.3374473227481743e-06,5.3374473227481743e-06,0.99999480978049748,-5.1902329717955631e-06,5.1902329717955631e-06,1.4721435095261117e-07
381,1101,0.99911357872888207,-0.00088681437477367594,0.00088681437477367594,0.99910035831649446,-0.00090004660395870016,0.00090004660395870016,-1.3232229185024215e-05
382,46941,0.99999021498777885,-9.7850600947062332e-06,9.7850600947062332e-06,0.99999017003750645,-9.8300108079806353e-06,9.8300108079806353e-06,-4.4950713274402075e-08
383,304,0.99999960043116065,-3.9956891917117368e-07,3.9956891917117368e-07,0.99999960444061731,-3.9555946088997056e-07,3.9555946088997056e-07,4.0094582812031198e-09
384,279,0.99987440581691178,-0.00012560207069803629,0.00012560207069803629,0.99986705773222173,-0.00013295110538481467,0.00013295110538481467,-7.3490346867783793e-06
385,1890,0.99999438533766383,-5.6146780983991911e-06,5.6146780983991911e-06,0.99999352498224858,-6.4750387144380459e-06,6.4750387144380459e-06,-8.603606160388548e-07
386,13918,0.99999441737987105,-5.582635711860102e-06,5.582635711860102e-06,0.99999350826937705,-6.4917516943275304e-06,6.4917516943275304e-06,-9.0911598246742842e-07
387,11,0.99999760728885667,-2.3927140058732497e-06,2.3927140058732497e-06,0.99999720893954858,-2.7910643463907904e-06,2.7910643463907904e-06,-3.9835034051754066e-07
388,13239,0.99999818297594656,-1.8170257042300001e-06,1.8170257042300001e-06,0.99999788244641807,-2.1175558239830815e-06,2.1175558239830815e-06,-3.0053011975308134e-07
389,304,0.99999966240983207,-3.3759022496776348e-07,3.3759022496776348e-07,0.99999952496229139,-4.7503782149164734e-07,4.7503782149164734e-07,-1.3744759652388386e-07
390,24872,0.99999779632063224,-2.2036817958806872e-06,2.2036817958806872e-06,0.99999737501823172,-2.6249852136069087e-06,2.6249852136069087e-06,-4.2130341772622159e-07
391,35148,0.9999977502020313,-2.2498004995155892e-06,2.2498004995155892e-06,0.99999761365994411,-2.3863429032416905e-06,2.3863429032416905e-06,-1.3654240372610127e-07
392,44448,0.99956977921512891,-0.00043031335638471795,0.00043031335638471795,0.99946553907044577,-0.00053460380470653744,0.00053460380470653744,-0.00010429044832181949
393,86945,0.99742555418243306,-0.0025777654018179596,0.0025777654018179596,0.99707928932022927,-0.0029249842785337818,0.0029249842785337818,-0.00034721887671582217
394,14093,0.99999875958364381,-1.2404171255256636e-06,1.2404171255256636e-06,0.99999857201153441,-1.4279894851546093e-06,1.4279894851546093e-06,-1.875723596289458e-07
395,11226,0.99999095180380226,-9.0482371329365462e-06,9.0482371329365462e-06,0.99998999613179618,-1.0003918242855871e-05,1.0003918242855871e-05,-9.5568110991932466e-07
396,315,0.99999973800810182,-2.6199193246799963e-07,2.6199193246799963e-07,0.99999958894679519,-4.1105328930091728e-07,4.1105328930091728e-07,-1.4906135683291765e-07
397,279,0.99999969049076365,-3.0950928426566756e-07,3.0950928426566756e-07,0.99999960705107249,-3.9294900473540483e-07,3.9294900473540483e-07,-8.3439720469737263e-08
398,26363,0.99998954919866767,-1.0450855942354295e-05,1.0450855942354295e-05,0.99998802795645525,-1.1972115210261656e-05,1.1972115210261656e-05,-1.5212592679073611e-06
399,304,0.98703737006083492,-0.013047377995063619,0.013047377995063619,0.98862950747456124,-0.011435630815929599,0.011435630815929599,0.0016117471791340203
400,220,0.99999915187541333,-8.4812494632748363e-07,8.4812494632748363e-07,0.99999877303814189,-1.2269626108574844e-06,1.2269626108574844e-06,-3.7883766453000082e-07
401,1049,0.99999999567168074,-4.3283192491947454e-09,4.3283192491947454e-09,0.99999995895741256,-4.1042588262842139e-08,4.1042588262842139e-08,-3.6714269013647392e-08
402,18,0.99999982074678295,-1.792532330670651e-07,1.792532330670651e-07,0.99999981393968929,-1.8606032804373243e-07,1.8606032804373243e-07,-6.8070949766673292e-09
403,382,0.93051351499956969,-0.072018678556551974,0.072018678556551974,0.93696019406676567,-0.065114479965467792,0.065114479965467792,0.0069041985910841819
404,791,0.96732512820610284,-0.033220616454938082,0.033220616454938082,0.9723366438262192,-0.028053193099031665,0.028053193099031665,0.0051674233559064163
405,3280,0.92652737016362097,-0.076311692232058095,0.076311692232058095,0.95321550938630173,-0.047914263027244129,0.047914263027244129,0.028397429204813966
406,6137,0.90140480854240534,-0.10380083421307558,0.10380083421307558,0.8790582712874021,-0.12890409078955756,0.12890409078955756,-0.025103256576481978
407,449,0.99993658051812717,-6.3421492973152427e-05,6.3421492973152427e-05,0.99992565221607188,-7.4350547861576124e-05,7.4350547861576124e-05,-1.0929054888423698e-05
408,279,0.99997904855179875,-2.095166768593686e-05,2.095166768593686e-05,0.99997910450009975,-2.0895718214277241e-05,2.0895718214277241e-05,5.5949471659618604e-08
409,18488,0.99995910432555468,-4.0896510696187707e-05,4.0896510696187707e-05,0.99996371351426372,-3.6287144106718373e-05,3.6287144106718373e-05,4.6093665894693343e-06
410,315,0.99999986296778498,-1.3703222439344805e-07,1.3703222439344805e-07,0.99999976812616476,-2.3187386209563842e-07,2.3187386209563842e-07,-9.4841637702190369e-08
411,71343,0.99998417316652388,-1.582695872177271e-05,1.582695872177271e-05,0.99997884499542333,-2.11552283469149e-05,2.11552283469149e-05,-5.3282696251421903e-06
412,22620,0.9999974061395156,-2.5938638485069666e-06,2.5938638485069666e-06,0.99999710162144129,-2.8983827590115039e-06,2.8983827590115039e-06,-3.0451891050453729e-07
413,816,0.99999816955009846,-1.8304515768054656e-06,1.8304515768054656e-06,0.99999752224595895,-2.4777571107211455e-06,2.4777571107211455e-06,-6.4730553391567987e-07
414,3852,0.99999947890384377,-5.2109629201505355e-07,5.2109629201505355e-07,0.99999949092302809,-5.0907710145700008e-07,5.0907710145700008e-07,1.2019190558053467e-08
415,276,0.99999942612022674,-5.7387993788098307e-07,5.7387993788098307e-07,0.99999939894635448,-6.010538261551172e-07,6.010538261551172e-07,-2.7173888274134133e-08
416,389,0.99999778176728615,-2.2182351741804728e-06,2.2182351741804728e-06,0.99999825128516195,-1.7487163670386701e-06,1.7487163670386701e-06,4.6951880714180268e-07
417,6186,0.99999691354999509,-3.0864547679589264e-06,3.0864547679589264e-06,0.99999614608293985,-3.8539244865573025e-06,3.8539244865573025e-06,-7.6746971859837617e-07
418,220,0.99999978869336847,-2.1130665383140033e-07,2.1130665383140033e-07,0.99999976908690558,-2.3091312105362567e-07,2.3091312105362567e-07,-1.9606467222225338e-08
419,868,0.99999981459202503,-1.8540799220186845e-07,1.8540799220186845e-07,0.99999904435584375,-9.5564461289404524e-07,9.5564461289404524e-07,-7.7023662069217681e-07
420,11,0.99361000433589985,-0.0064104990775458613,0.0064104990775458613,0.99145769932781225,-0.0085789952427168109,0.0085789952427168109,-0.0021684961651709496
421,323,0.86830868291358676,-0.14120800206505632,0.14120800206505632,0.9035769846082975,-0.10139396548702437,0.10139396548702437,0.039814036578031953
422,1306,0.93787894419482709,-0.064134395666121891,0.064134395666121891,0.91126819946438053,-0.092918023881334091,0.092918023881334091,-0.028783628215212201
423,1202,0.9999993789372319,-6.2106296093431415e-07,6.2106296093431415e-07,0.99999923683758452,-7.631627066989523e-07,7.631627066989523e-07,-1.4209974576463814e-07
424,14091,0.99999340959636518,-6.5904253516209884e-06,6.5904253516209884e-06,0.99999257781259465,-7.4222149499091211e-06,7.4222149499091211e-06,-8.3178959828813264e-07
425,49686,0.99999939850382169,-6.0149635923233638e-07,6.0149635923233638e-07,0.99999935257924666,-6.4742096287353836e-07,6.4742096287353836e-07,-4.5924603641201981e-08
426,4330,0.90497793760135625,-0.099844713920410277,0.099844713920410277,0.88131716189750398,-0.12633771567737781,0.12633771567737781,-0.026493001756967532
427,2919,0.99999932285265292,-6.7714757634109947e-07,6.7714757634109947e-07,0.99999876757831119,-1.2324224482759197e-06,1.2324224482759197e-06,-5.5527487193482019e-07
428,3010,0.999995373360269,-4.6266504339114178e-06,4.6266504339114178e-06,0.99999492487582831,-5.0751370502273016e-06,5.0751370502273016e-06,-4.4848661631588375e-07
429,11,0.99999904782431925,-9.5217613403451966e-07,9.5217613403451966e-07,0.99999898855355662,-1.0114469549353461e-06,1.0114469549353461e-06,-5.9270820900826459e-08
430,912,0.99999045081514215,-9.5492304516376579e-06,9.5492304516376579e-06,0.99998998181183607,-1.0018238346261652e-05,1.0018238346261652e-05,-4.6900789462399406e-07
431,35148,0.99999503118448396,-4.9688278606427155e-06,4.9688278606427155e-06,0.99999462306460529,-5.3769498504265882e-06,5.3769498504265882e-06,-4.0812198978387266e-07
432,32343,0.99995483000935004,-4.5171010844656836e-05,4.5171010844656836e-05,0.99995109394492931,-4.8907251010805719e-05,4.8907251010805719e-05,-3.7362401661488831e-06
433,3233,0.99999977182786115,-2.2817216488792542e-07,2.2817216488792542e-07,0.99999962910703644,-3.708930323395439e-07,3.708930323395439e-07,-1.4272086745161848e-07
434,315,0.99999748496594187,-2.5150372208018183e-06,2.5150372208018183e-06,0.99999730399377162,-2.696009862656667e-06,2.696009862656667e-06,-1.8097264185484874e-07
435,520,0.9999977234895745,-2.2765130167662751e-06,2.2765130167662751e-06,0.99999748738807914,-2.5126150775207099e-06,2.5126150775207099e-06,-2.3610206075443489e-07
436,3325,0.99999993120837372,-6.8791628692074025e-08,6.8791628692074025e-08,0.99999990725839283,-9.2741611419867498e-08,9.2741611419867498e-08,-2.3949982727793473e-08
437,35148,0.99999707970597773,-2.9202982863713161e-06,2.9202982863713161e-06,0.9999970650450325,-2.934959274505174e-06,2.934959274505174e-06,-1.4660988133857872e-08
438,13766,0.9999929001459108,-7.0998792932291704e-06,7.0998792932291704e-06,0.99999238948821856,-7.6105407415383247e-06,7.6105407415383247e-06,-5.1066144830915427e-07
439,21261,0.99999978062351025,-2.1937651376141584e-07,2.1937651376141584e-07,0.99999977525155093,-2.2474847433281584e-07,2.2474847433281584e-07,-5.3719605713999994e-09
440,8040,0.99996524648603935,-3.4754117878009145e-05,3.4754117878009145e-05,0.99996472709878637,-3.5273523316988599e-05,3.5273523316988599e-05,-5.1940543897945393e-07
441,927,0.99998716906890028,-1.2831013416773134e-05,1.2831013416773134e-05,0.99998683464940785,-1.3165437256083414e-05,1.3165437256083414e-05,-3.344238393102795e-07
442,279,0.99999985182204076,-1.4817797024011096e-07,1.4817797024011096e-07,0.99999983949907079,-1.6050094209072214e-07,1.6050094209072214e-07,-1.2322971850611183e-08
443,1828,0.99999995955209109,-4.0447909758429873e-08,4.0447909758429873e-08,0.99999995216822335,-4.7831777838104214e-08,4.7831777838104214e-08,-7.3838680796743404e-09
444,1403,0.99999914658193689,-8.5341842725170885e-07,8.5341842725170885e-07,0.99999885789298337,-1.1421076688231336e-06,1.1421076688231336e-06,-2.8868924157142476e-07
445,4038,0.99999962577672397,-3.7422334601153864e-07,3.7422334601153864e-07,0.99999942309635981,-5.7690380662841287e-07,5.7690380662841287e-07,-2.0268046061687423e-07
446,13,0.99999094376843256,-9.056272575339513e-06,9.056272575339513e-06,0.99999048435924975,-9.5156860241978503e-06,9.5156860241978503e-06,-4.5941344885833731e-07
447,1115,0.98225694885112524,-0.017902346146473708,0.017902346146473708,0.98190163317986001,-0.018264145522951428,0.018264145522951428,-0.00036179937647771998
448,4261,0.99999243970949026,-7.5603190888496851e-06,7.5603190888496851e-06,0.99999194084456189,-8.0591879132588113e-06,8.0591879132588113e-06,-4.9886882440912622e-07
449,315,0.99999881350971886,-1.1864909850174654e-06,1.1864909850174654e-06,0.99999895996561927,-1.0400349215819806e-06,1.0400349215819806e-06,1.464560634354848e-07
450,304,0.99999979498161717,-2.0501840388733914e-07,2.0501840388733914e-07,0.99999974300233074,-2.5699770229115531e-07,2.5699770229115531e-07,-5.1979298403816169e-08
451,7323,0.99999957040995446,-4.2959013778165343e-07,4.2959013778165343e-07,0.99999942976944911,-5.7023071349198774e-07,5.7023071349198774e-07,-1.4064057571033431e-07
452,9670,0.99999531491300264,-4.685097972377787e-06,4.685097972377787e-06,0.99999487052671965,-5.1294864361334654e-06,5.1294864361334654e-06,-4.4438846375567844e-07
453,449,0.99999915711740928,-8.4288294592940931e-07,8.4288294592940931e-07,0.99999889808601405,-1.1019145930886487e-06,1.1019145930886487e-06,-2.5903164715923934e-07
454,279,0.99999985131905078,-1.4868096025947252e-07,1.4868096025947252e-07,0.99999982004268806,-1.7995732816717278e-07,1.7995732816717278e-07,-3.1276367907700256e-08
455,18488,0.99996747280573151,-3.2527723289123875e-05,3.2527723289123875e-05,0.9999652036370088,-3.479696839866176e-05,3.479696839866176e-05,-2.2692451095378857e-06
456,315,0.99999960294595414,-3.9705412468987922e-07,3.9705412468987922e-07,0.9999994069109015,-5.9308927434070867e-07,5.9308927434070867e-07,-1.9603514965082944e-07
457,14221,0.99999564178545608,-4.3582240409876709e-06,4.3582240409876709e-06,0.99999469660878904,-5.3034052739429983e-06,5.3034052739429983e-06,-9.4518123295532735e-07
458,78149,0.99999968294485042,-3.1705519979220494e-07,3.1705519979220494e-07,0.99999958768008856,-4.1231999640710919e-07,4.1231999640710919e-07,-9.5264796614904257e-08
459,735,0.99999842180416998,-1.5781970753416193e-06,1.5781970753416193e-06,0.99999746635462505,-2.5336485846772001e-06,2.5336485846772001e-06,-9.5545150933558087e-07
460,9832,0.99999997541149643,-2.4588503819383638e-08,2.4588503819383638e-08,0.99999997623416703,-2.3765833240962942e-08,2.3765833240962942e-08,8.2267057842069519e-10
461,9008,0.99999783349653004,-2.1665058168835403e-06,2.1665058168835403e-06,0.99999908058072018,-9.1941970247858541e-07,9.1941970247858541e-07,1.2470861144049549e-06
462,304,0.99999932249256673,-6.7750766272438535e-07,6.7750766272438535e-07,0.99999896422223944,-1.0357782969507243e-06,1.0357782969507243e-06,-3.5827063422633897e-07
463,5209,0.9999966653873974,-3.3346181624166846e-06,3.3346181624166846e-06,0.99999581062263976,-4.1893861357122745e-06,4.1893861357122745e-06,-8.5476797329558996e-07
464,67248,0.99998376569108072,-1.6234440697102469e-05,1.6234440697102469e-05,0.99998015164086718,-1.9848556114124182e-05,1.9848556114124182e-05,-3.6141154170217139e-06
465,321,0.99999957177205068,-4.2822804104204884e-07,4.2822804104204884e-07,0.99999952808614667,-4.7191396468755806e-07,4.7191396468755806e-07,-4.3685923645509221e-08
466,11,0.91316347221384631,-0.090840364892336128,0.090840364892336128,0.93669527645386252,-0.065397261532128867,0.065397261532128867,0.025443103360207261
467,902,0.99699945978748672,-0.0030050508584728783,0.0030050508584728783,0.99721043478485027,-0.0027934633031961122,0.0027934633031961122,0.00021158755527676603
468,574,0.99997694942815951,-2.3050837508974299e-05,2.3050837508974299e-05,0.99996263513308448,-3.736556499960526e-05,3.736556499960526e-05,-1.4314727490630961e-05
469,832,0.99997375834850966,-2.6241995808525512e-05,2.6241995808525512e-05,0.99997394352879021,-2.6056810685484586e-05,2.6056810685484586e-05,1.8518512304092595e-07
470,315,0.99999982366601325,-1.7633400228495073e-07,1.7633400228495073e-07,0.99999979905215608,-2.0094786414231307e-07,2.0094786414231307e-07,-2.4613861857362339e-08
471,279,0.99999968965245944,-3.1034758876479643e-07,3.1034758876479643e-07,0.99999963271639014,-3.6728367730237656e-07,3.6728367730237656e-07,-5.693608853758013e-08
472,22807,0.99999455720606967,-5.4428087424141461e-06,5.4428087424141461e-06,0.99999444916554914,-5.5508498567755822e-06,5.5508498567755822e-06,-1.0804111436143608e-07
473,62954,0.97966325439759772,-0.020546384329333745,0.020546384329333745,0.99337217111686582,-0.0066498904753228968,0.0066498904753228968,0.013896493854010847
474,16867,0.99999319310778412,-6.8069153828292284e-06,6.8069153828292284e-06,0.99999342218080367,-6.5778408302318465e-06,6.5778408302318465e-06,2.2907455259738192e-07
475,44583,0.99997818288437712,-2.1817353619597923e-05,2.1817353619597923e-05,0.9999770798278943,-2.2920434776850357e-05,2.2920434776850357e-05,-1.1030811572524334e-06
476,389,0.99999995477278159,-4.5227219390473545e-08,4.5227219390473545e-08,0.99999990683155993,-9.3168444393569531e-08,9.3168444393569531e-08,-4.7941225003095986e-08
477,3335,0.99999969345849027,-3.0654155667241734e-07,3.0654155667241734e-07,0.99999962274726784,-3.7725280333512326e-07,3.7725280333512326e-07,-7.0711246662705921e-08
478,323,0.66394129643069655,-0.40956154240392306,0.40956154240392306,0.77790409693434659,-0.25115203112387835,0.25115203112387835,0.15840951128004471
479,574,0.9794373751556249,-0.020776979164092459,0.020776979164092459,0.98821704560826273,-0.011852923571040624,0.011852923571040624,0.0089240555930518353
480,279,0.99999966623158298,-3.3376847267037832e-07,3.3376847267037832e-07,0.99999950800583681,-4.9199428418698181e-07,4.9199428418698181e-07,-1.5822581151660349e-07
481,1176,0.99999863455990112,-1.365441031059676e-06,1.365441031059676e-06,0.99999812853574854,-1.871466002684217e-06,1.871466002684217e-06,-5.0602497162454106e-07
482,13892,0.99999445634824136,-5.5436671246873746e-06,5.5436671246873746e-06,0.99999402093903078,-5.9790788438948654e-06,5.9790788438948654e-06,-4.3541171920749083e-07
483,78149,0.99999963011645754,-3.6988361083400536e-07,3.6988361083400536e-07,0.99999957381306048,-4.2618703033201839e-07,4.2618703033201839e-07,-5.630341949801303e-08
484,449,0.99999700473778408,-2.9952667017067331e-06,2.9952667017067331e-06,0.99999613789070529,-3.8621167526803915e-06,3.8621167526803915e-06,-8.6685005097365842e-07
485,220,0.99997892102515329,-2.1079197011447438e-05,2.1079197011447438e-05,0.99997885264646036,-2.1147577148094029e-05,2.1147577148094029e-05,-6.8380136646590221e-08
486,16,0.99999542815464626,-4.5718558046273647e-06,4.5718558046273647e-06,0.9999958659330388,-4.1340755064526051e-06,4.1340755064526051e-06,4.3778029817475959e-07
487,24401,0.99956246030354368,-0.00043763544487951324,0.00043763544487951324,0.99955210707379616,-0.00044799326020092839,0.00044799326020092839,-1.0357815321415155e-05
488,29759,0.99999841829980429,-1.5817014465936405e-06,1.5817014465936405e-06,0.99999816852698531,-1.8314746918566925e-06,1.8314746918566925e-06,-2.4977324526305197e-07
489,29592,0.99999346235393349,-6.5376674370563798e-06,6.5376674370563798e-06,0.99999297950669819,-7.0205179456037974e-06,7.0205179456037974e-06,-4.828505085474176e-07
490,315,0.9999998015198196,-1.9848020011797072e-07,1.9848020011797072e-07,0.99999977166136134,-2.2833866477487936e-07,2.2833866477487936e-07,-2.9858464656908637e-08
491,520,0.99999982468018456,-1.7531983082770887e-07,1.7531983082770887e-07,0.99999982735445414,-1.7264556071022692e-07,1.7264556071022692e-07,2.6742701174819491e-09
492,3325,0.99999966107366645,-3.3892639102656217e-07,3.3892639102656217e-07,0.99999964227684124,-3.5772322278723548e-07,3.5772322278723548e-07,-1.8796831760673308e-08
493,220,0.99999966964153952,-3.3035851504289742e-07,3.3035851504289742e-07,0.99999958899486208,-4.1100522243686762e-07,4.1100522243686762e-07,-8.0646707393970208e-08
494,8273,0.99999999195048506,-8.0495150221116696e-09,8.0495150221116696e-09,0.99999999513981819,-4.8601818007497435e-09,4.8601818007497435e-09,3.1893332213619261e-09
495,13437,0.99998669002230511,-1.3310066273405249e-05,1.3310066273405249e-05,0.99998657132979385,-1.3428760371582696e-05,1.3428760371582696e-05,-1.1869409817744726e-07
496,7682,0.999997981862912,-2.0181391244091714e-06,2.0181391244091714e-06,0.99999793747167309,-2.0625304539312848e-06,2.0625304539312848e-06,-4.4391329522113378e-08
497,320,0.9999790001663148,-2.1000054184751306e-05,2.1000054184751306e-05,0.99998109950287972,-1.890067573695521e-05,1.890067573695521e-05,2.0993784477960958e-06
498,3965,0.99999999550118268,-4.4988173085569501e-09,4.4988173085569501e-09,0.9999999948680971,-5.1319028894648876e-09,5.1319028894648876e-09,-6.3308558090793752e-10
499,35061,0.99998823502331546,-1.1765045892390845e-05,1.1765045892390845e-05,0.99998712517661725,-1.2874906263966533e-05,1.2874906263966533e-05,-1.1098603715756881e-06
500,8,0.99999367485910795,-6.3251608958409904e-06,6.3251608958409904e-06,0.99999246930477592,-7.5307235798547552e-06,7.5307235798547552e-06,-1.2055626840137648e-06
501,304,0.99998841012737383,-1.1589939789221333e-05,1.1589939789221333e-05,0.99999001735629778,-9.982693529145078e-06,9.982693529145078e-06,1.6072462600762551e-06
502,5936,0.99998857294581223,-1.14271194770983e-05,1.14271194770983e-05,0.99998511807452617,-1.4882036210730094e-05,1.4882036210730094e-05,-3.4549167336317936e-06
503,2533,0.99999886911958968,-1.1308810497357464e-06,1.1308810497357464e-06,0.99999860034075017,-1.3996602294091419e-06,1.3996602294091419e-06,-2.6877917967339547e-07
504,14221,0.99998480025947689,-1.519985604034653e-05,1.519985604034653e-05,0.99998494719883435,-1.5052914460154927e-05,1.5052914460154927e-05,1.4694158019160296e-07
505,78149,0.99999503199103279,-4.9680213078286913e-06,4.9680213078286913e-06,0.99999582320819569,-4.1768005271792621e-06,4.1768005271792621e-06,7.912207806494292e-07
506,29105,0.99986025796373157,-0.00013975180109649719,0.00013975180109649719,0.99984238356833088,-0.00015762885444424552,0.00015762885444424552,-1.787705334774833e-05
507,304,0.99999977858442879,-2.2141559577044837e-07,2.2141559577044837e-07,0.99999978855122917,-2.1144879321270733e-07,2.1144879321270733e-07,9.9668025577410423e-09
508,220,0.99999849221819848,-1.5077829382225324e-06,1.5077829382225324e-06,0.99999843814108247,-1.5618601372093175e-06,1.5618601372093175e-06,-5.4077198986785038e-08
509,2550,0.99999995301562139,-4.6984379726628925e-08,4.6984379726628925e-08,0.99999994405145487,-5.594854667364009e-08,5.594854667364009e-08,-8.9641669470111644e-09
510,22,0.99999896691917056,-1.0330813630665297e-06,1.0330813630665297e-06,0.99999945485095731,-5.4514919129840061e-07,5.4514919129840061e-07,4.8793217176812912e-07
511,13,0.8799000634035945,-0.12794694227289707,0.12794694227289707,0.87928635773520847,-0.12864465763257454,0.12864465763257454,-0.00069771535967746989
